index,Rótulos de Linha,cleaned_text,Contagem de Publication Number
0,Alternative Gene Expression S.l.,ALTERNATIVE_GENE_EXPRESSION_S.L.,1
1,"Alves De Souza Lima Acácio,BR",ALVES_DE_SOUZA_LIMA_ACACIO,1
2,"ANTONIO CARLOS MARTINS DE CAMARGO,BR",ANTONIO_CARLOS_MARTINS_DE_CAMARGO,1
3,"CAO GROUP INC.,US",CAO_GROUP_INC.,1
4,"CÉLIO RAIMUNDO MACHADO,BR | ROSANGELA ZACARIAS MACHADO,BR",CELIO_RAIMUNDO_MACHADO,1
5,"CELLORYX AG,CH",CELLORYX_AG,1
6,"CENTRO DE INMUNOLOGIA MOLECULAR,CU",CENTRO_DE_INMUNOLOGIA_MOLECULAR,2
7,"Chudzinski-Tavassi Ana Marisa,BR | Fundacao de Amparo a Pesquisa do Estado de Sao Paulo - FAPESP,BR | Uniao Quimica Farmaceutica Nacional S/A,BR",CHUDZINSKI_TAVASSI_ANA_MARISA,2
8,"Coinfair-Consórcio De Indústrias Farmacêuticas,São Paulo,BR | Maria Durvanei Augusto,São Paulo,BR | Chudzinski-Tavassi Ana Marisa,São Paulo,BR | Correia Batista Isabel De Fatima,São Paulo,BR | Ho Paulo Lee,São Paulo,BR",COINFAIR_CONSORCIO_DE_INDUSTRIAS_FARMACEUTICAS,1
9,"Comissão Nacional De Energia Nuclear,BR",COMISSAO_NACIONAL_DE_ENERGIA_NUCLEAR,2
10,"EBERT SEIXAS Hanna,BR",EBERT_SEIXAS_HANNA,2
11,"EBERT SEIXAS HANNA,BR | INVENT BIOTECNOLOGIA LTDA BR SP,BR | UNIV SAO PAULO USP BR SP,BR",EBERT_SEIXAS_HANNA,1
12,"Ebert Seixas Hanna,CEP: 14010-090 Ribeirão Preto,BR,101295769 | INVENT BIOTECNOLOGIA LTDA (BR/SP),14040-900 Ribeirão Preto, SP,BR,101365578 | UNIVERSIDADE DE SÃO PAULO - USP (BR/SP),14049-900, Ribeirão Preto, SP,BR,101365579",EBERT_SEIXAS_HANNA,1
13,"ECOLVET LABORATÓRIO DE ANÁLISES AMBIENTAIS E VET. LTDA - EPP,BR",ECOLVET_LABORATORIO_DE_ANALISES_AMBIENTAIS_E_VET._LTDA___EPP,1
14,"EMPRESA BRASILEIRA DE PESQUISA AGROPECUARIA EMBRAPA,BR | FUNDACAO UNIV DE BRASILIA,BR | UNIAO BRASILEIRA DE EDUCACAO CATOLICA UBEC,BR | UNIAO BRASILIENSE DE EDUCACAO E CULTURA UBEC,BR",EMPRESA_BRASILEIRA_DE_PESQUISA_AGROPECUARIA_EMBRAPA,1
15,"F. HOFFMANN-LA ROCHE AG,CH",F._HOFFMANN_LA_ROCHE_AG,1
16,"FERRAZ DE CAMPOS Sharon Lisauskas,BR",FERRAZ_DE_CAMPOS_SHARON_LISAUSKAS,1
17,FINEP-FINANCIADORA DE ESTUDOS E PROJETOS | ESCOLA PAULISTA DE MEDICINA | CARDOSO DE ALMEIDA Maria Lucia | AMARAL DE CASTILHO VALAVICIUS Beatriz | GOMES DE AMORIM FILHO Antonio,FINEP_FINANCIADORA_DE_ESTUDOS_E_PROJETOS_|_ESCOLA_PAULISTA_DE_MEDICINA_|_CARDOSO_DE_ALMEIDA_MARIA_LUCIA_|_AMARAL_DE_CASTILHO_VALAVICIUS_BEATRIZ_|_GOMES_DE_AMORIM_FILHO_ANTONIO,1
18,"FIOCRUZ FUNDACAO CRUZ OSWALDO,JP",FIOCRUZ_FUNDACAO_CRUZ_OSWALDO,1
19,"FLEURY S A,BR | HOSPITAL DO CÂNCER DE BARRETOS - FUNDAÇÃO PIO XII,BR | UNIV FED DO MARANHÃO,BR | SANTOS MARCOS TADEU DOS,BR | VIDAL RAMON OLIVEIRA,BR",FLEURY_S_A,1
20,"FLEURY S/A,BR",FLEURY_S/A,1
21,"FLEURY S/A,BR | HOSPITAL DO CÂNCER DE BARRETOS - FUNDAÇÃO PIO XII,BR | MARCOS TADEU DOS SANTOS,BR | RAMON DE OLIVEIRA VIDAL,BR | UNIVERSIDADE FEDERAL DO MARANHÃO,BR",FLEURY_S/A,1
22,"FLEURY S/A,BR | HOSPITAL DO CÂNCER DE BARRETOS - FUNDAÇÃO PIO XII,BR | SANTOS Marcos Tadeu dos,BR | VIDAL Ramon Oliveira,BR | UNIVERSIDADE FEDERAL DO MARANHÃO,BR",FLEURY_S/A,1
23,"Fleury S/A,CEP-04344-070 São Paulo, SP,BR,101811439 | Hospital do Câncer de Barretos - Fundação Pio XII,CEP-14784-440 Barretos, SP,BR,101621531 | Universidade Federal do Maranhão,CEP-65080-805 São Luis, MA,BR,101621533 | Santos Marcos Tadeu dos,CEP-04310-001 São Paulo, SP,BR,101666842 | Vidal Ramon Oliveira,CEP-45604-006 Itabuna, BA,BR,101666844",FLEURY_S/A,1
24,"Fleury S/A,Sao Paulo,BR | Hospital Do Cancer Barretos- Fundacao Pio XII,Barretos,BR | Universidade Federal Do Maranhao,Sao Luis,BR | SANTOS Marcos Tadeu dos,Sao Paulo,BR | VIDAL Ramon Oliveira,Itabuna,BR | SOUZA Bruno Feres de,Sao Luiz,BR | CARCANO Flavio Mavignier,Barretos,BR | NETO Cristovam Scapulatempo,Barretos,BR | VIANA Cristiano Ribeiro,Barretos,BR | CARVALHO Andre Lopes,Barretos,BR",FLEURY_S/A,1
25,"FOUNDAÇÃO DE AMPARO À PESQUISA DO ESTADO DE MINAS GERAIS - FAPEMIG,Belo Horizonte - MG,BR | UNIVERSIDADE FEDERAL DE VIÇOSA,Viçosa, MG,BR",FOUNDACAO_DE_AMPARO_A_PESQUISA_DO_ESTADO_DE_MINAS_GERAIS___FAPEMIG,1
26,FUND AMPARO PESQUISA ESTADO MINAS GERAIS FAPEMIG | UNIV FEDERAL VICOSA,FUND_AMPARO_PESQUISA_ESTADO_MINAS_GERAIS_FAPEMIG_|_UNIV_FEDERAL_VICOSA,1
27,"FUND AMPARO PESQUISA ESTADO MINAS GERAIS FAPEMIG,BR | UNIV FEDERAL DE UBERLANDIA,BR",FUND_AMPARO_PESQUISA_ESTADO_MINAS_GERAIS_FAPEMIG,1
28,"FUNDAÇ O DE AMPARO PESQUISA DO ESTADO DE MINAS GERAIS FAPEMIG,BR | UNIV FED DE VIÇOSA,BR | ФУНДАСАН ДИ-АМПАРО А ПЕСКИЗА ДУ-ЭСТАДУ ДИ-МИНАС ЖЕРАЙС-ФАПЕМИГ,BR | УНИВЕРСИДАДИ ФЕДЕРАЛ ДИ-ВИСОЗА,BR",FUNDAC_O_DE_AMPARO_PESQUISA_DO_ESTADO_DE_MINAS_GERAIS_FAPEMIG,1
29,FUNDAÇ O OSWALDO CRUZ,FUNDAC_O_OSWALDO_CRUZ,1
30,"Fundação Butantã,BR",FUNDACAO_BUTANTAN,1
31,FUNDACAO BUTANTAN,FUNDACAO_BUTANTAN,1
32,"FUNDACAO BUTANTAN,BR",FUNDACAO_BUTANTAN,1
33,"FUNDAÇÃO BUTANTAN,BR",FUNDACAO_BUTANTAN,7
34,"FUNDAÇÃO BUTANTAN,BR | Hospital Alemão Oswaldo Cruz,BR",FUNDACAO_BUTANTAN,1
35,"Fundacao Butantan,BR | 布坦坦基金会,BR",FUNDACAO_BUTANTAN,1
36,"Fundação Butantan,São Paulo 05503-900 SP,BR,101307993",FUNDACAO_BUTANTAN,1
37,"FUNDACAO BUTANTAN,Sao Paulo,BR",FUNDACAO_BUTANTAN,1
38,"FUNDAÇÃO DE AMPARA À PESQUISA DO ESTADO DE SÃO PAULO-FAPESP,BR",FUNDACAO_DE_AMPARA_A_PESQUISA_DO_ESTADO_DE_SAO_PAULO_FAPESP,1
39,"FUNDAÇÃO DE AMPARO À PESQUISA DO ESTADO DE MG-FAPEMIG,Belo Horizonte, MG,BR | UNIVERSIDADE FEDERAL DE VIÇOSA,Viçosa, MG,BR | FUNDAÇÃO DE AMPARO À PESQUISA DO ESTADO DE MINAS GERAIS-FAPEMIG,Bairro São Pedro, Belo Horizonte,BR | UNIVERSIDADE FEDERAL DE VIÇOSA,Viçosa,BR",FUNDACAO_DE_AMPARO_A_PESQUISA_DO_ESTADO_DE_MG_FAPEMIG,1
40,"Fundacao De Amparo A Pesquisa Do Estado De Minas Gerais - Fapemig,30330-080 Minas Garais,BR,101073528 | Universidade Federal De Viçosa,CEP-36570-000 Viçosa MG,BR,101289180",FUNDACAO_DE_AMPARO_A_PESQUISA_DO_ESTADO_DE_MINAS_GERAIS___FAPEMIG,2
41,"Fundação De Amparo À Pesquisa Do Estado De Minas Gerais - Fapemig,BR | Universidade Federal De Viçosa | 米纳斯吉拉斯州研究基金会-FAPEMIG | 维索萨联邦大学",FUNDACAO_DE_AMPARO_A_PESQUISA_DO_ESTADO_DE_MINAS_GERAIS___FAPEMIG,1
42,"FUNDAÇÃO DE AMPARO A PESQUISA DO ESTADO DE MINAS GERAIS - FAPEMIG,BR | UNIVERSIDADE FEDERAL DE VIÇOSA,BR",FUNDACAO_DE_AMPARO_A_PESQUISA_DO_ESTADO_DE_MINAS_GERAIS___FAPEMIG,1
43,"FUNDAÇÃO DE AMPARO À PESQUISA DO ESTADO DE MINAS GERAIS - FAPEMIG,BR | UNIVERSIDADE FEDERAL DE VIÇOSA,BR",FUNDACAO_DE_AMPARO_A_PESQUISA_DO_ESTADO_DE_MINAS_GERAIS___FAPEMIG,4
44,"FUNDACAO DE AMPARO A PESQUISA DO ESTADO DE SAO PAULO - FAPESP,BR",FUNDACAO_DE_AMPARO_A_PESQUISA_DO_ESTADO_DE_SAO_PAULO___FAPESP,1
45,"FUNDACAO DE AMPARO A PESQUISA,BR",FUNDACAO_DE_AMPARO_A_PESQUISA,1
46,"Fundacao Hemocentro de Ribeirao Preto,14051-140 Ribeirao Preto - SP,BR,101138471 | Universidade de São Paulo,05508-900 São Paulo - SP,BR,101138472",FUNDACAO_HEMOCENTRO_DE_RIBEIRAO_PRETO,1
47,"FUNDAÇÃO HEMOCENTRO DE RIBEIRÃO PRETO,BR",FUNDACAO_HEMOCENTRO_DE_RIBEIRAO_PRETO,2
48,"FUNDACAO HEMOCENTRO DE RIBEIRAO PRETO,PRETO-SP,BR | UNIVERSIDADE DE SAO PAULO,SAO PAULO,BR",FUNDACAO_HEMOCENTRO_DE_RIBEIRAO_PRETO,1
49,"Fundacao Hemocentro de Ribeirao Preto,Ribeirao Preto,BR | Universidade de Sao Paulo,Sao Paulo - SP,BR",FUNDACAO_HEMOCENTRO_DE_RIBEIRAO_PRETO,1
50,FUNDACAO OSWALDO CRUZ,FUNDACAO_OSWALDO_CRUZ,10
51,FUNDAÇÃO OSWALDO CRUZ,FUNDACAO_OSWALDO_CRUZ,3
52,"FUNDACAO OSWALDO CRUZ - FIOCRUZ,BR",FUNDACAO_OSWALDO_CRUZ___FIOCRUZ,3
53,"FUNDACÃO OSWALDO CRUZ - FIOCRUZ,BR | TENDLER Miriam,BR | KATZ Naftale,BR | SIMPSON Andrew J.,BR | RAW Isaías,BR | HO Paulo Lee,BR | RAMOS Celso Raul Romero,BR",FUNDACAO_OSWALDO_CRUZ___FIOCRUZ,1
54,"FUNDACAO OSWALDO CRUZ - FIOCRUZ,BR | 奥斯瓦道·克鲁兹基金会",FUNDACAO_OSWALDO_CRUZ___FIOCRUZ,1
55,"FUNDACAO OSWALDO CRUZ - FIOCRUZ,BR | 奥斯瓦道·克鲁兹基金会,BR",FUNDACAO_OSWALDO_CRUZ___FIOCRUZ,2
56,"Fundacao Oswaldo Cruz - Fiocruz,Manguinhos, CEP-21045-900 Rio de Janeiro,BR,100126775",FUNDACAO_OSWALDO_CRUZ___FIOCRUZ,1
57,"Fundacao Oswaldo Cruz - Fiocruz,Rio de Janeiro,BR",FUNDACAO_OSWALDO_CRUZ___FIOCRUZ,1
58,FUNDAÇAO OSWALDO CRUZ (FIOCRUZ) - SUPERINTENDENCIA DE PLANEJAMENTO | CERQUEIRA DE ALMEIDA Elza Carmen | KRIEGER Marco Aurélio | GOLDENBERG Samuel,FUNDACAO_OSWALDO_CRUZ_FIOCRUZ___SUPERINTENDENCIA_DE_PLANEJAMENTO_|_CERQUEIRA_DE_ALMEIDA_ELZA_CARMEN_|_KRIEGER_MARCO_AURELIO_|_GOLDENBERG_SAMUEL,1
59,"FUNDAÇÃO OSWALDO CRUZ (FIOCRUZ) - SUPERINTENDÊNCIA DE PLANEJAMENTO,BR | TENDLER Miriam,BR | VILAR Mônica Magno,BR | ARMÔA Geraldo Rodrigues Garcia,BR | MCINTOSH Duglas,BR | SIMPSON Andrew J. G.,BR",FUNDACAO_OSWALDO_CRUZ_FIOCRUZ___SUPERINTENDENCIA_DE_PLANEJAMENTO,1
60,"FUNDACAO OSWALDO CRUZ (FIOCRUZ) - SUPERINTENDENCIA DE PLANEJAMENTO,BR-21040 Rio de Janeiro, RJ,BR,01512780",FUNDACAO_OSWALDO_CRUZ_FIOCRUZ___SUPERINTENDENCIA_DE_PLANEJAMENTO,1
61,"FUNDACAO OSWALDO CRUZ (FIOCRUZ) SUPERINTENDENCIA DE PLANEJAMENTO,BR 21040 Rio de Janeiro, RJ,BR,01512780",FUNDACAO_OSWALDO_CRUZ_FIOCRUZ_SUPERINTENDENCIA_DE_PLANEJAMENTO,1
62,"Fundação Oswaldo Cruz (Fiocruz),21040-900 Rio de Janeiro, RJ,BR,101255762 | Wisconsin Alumni Research Foundation - WARF,Madison, Wisconsin 53762,US,101255763",FUNDACAO_OSWALDO_CRUZ_FIOCRUZ,1
63,"FUNDACAO OSWALDO CRUZ (FIOCRUZ),21045-900 Rio de Janeiro,BR,100126774",FUNDACAO_OSWALDO_CRUZ_FIOCRUZ,2
64,"FUNDACÃO OSWALDO CRUZ FIOCRUZ,BR",FUNDACAO_OSWALDO_CRUZ_FIOCRUZ,1
65,"Fundacao Oswaldo Cruz FIOCRUZ,Rio de Janeiro,BR",FUNDACAO_OSWALDO_CRUZ_FIOCRUZ,1
66,"Fundação Oswaldo Cruz,21040-900, Rio de Janeiro, RJ,BR,101282275",FUNDACAO_OSWALDO_CRUZ,2
67,"Fundação Oswaldo Cruz,21045-900 Rio de Janeiro, RJ,BR,101041844",FUNDACAO_OSWALDO_CRUZ,6
68,"FUNDACAO OSWALDO CRUZ,BR",FUNDACAO_OSWALDO_CRUZ,5
69,"FUNDAÇÃO OSWALDO CRUZ,BR",FUNDACAO_OSWALDO_CRUZ,12
70,"FUNDAÇÃO OSWALDO CRUZ,BR | DE CARVALHO Lain Carlos Pontes,BR | OLIVEIRA Geraldo Gileno de Sá,BR | DOS SANTOS Washington Luis Conrado,BR | TEIXEIRA Marcia Cristina Aquino,BR | DOS SANTOS Lenita Ramires,BR | PEREIRA Andrea Mendes,DE | PINHEIRO JR. Nathanael de Freitas,BR | SANTOS Patricia Oliveira Meira,BR | DE PINHEIRO Cristiane Garboggini Melo,BR | FRAGA Ricardo Evangelista,BR | DE MELO NETO Oswaldo Pompilio,BR | MAGALHÃES Franklin Barbalho,BR | DA SILVA Edimilson Rodrigues,BR | FERREIRA Antonio Gomes Pinto,BR | SILVANY Marco Antonio Araujo,BR",FUNDACAO_OSWALDO_CRUZ,1
71,"FUNDAÇÃO OSWALDO CRUZ,BR | GAZZINELLI Ricardo Tostes,BR | BARBOSA Rafael Polidoro Alves,BR | CAETANO Braulia Costa,BR | MACHADO Alexandre de Magalhães Vieira,BR | BRUÑA-ROMERO Oscar,BR | GUIMARÃES Flávio Fonseca,BR | MENDES Érica Araújo,BR",FUNDACAO_OSWALDO_CRUZ,1
72,"FUNDACAO OSWALDO CRUZ,BR | INST DE BIOLOGIA MOLECULAR DO PARANA IBMP,BR",FUNDACAO_OSWALDO_CRUZ,1
73,"FUNDAÇÃO OSWALDO CRUZ,BR | INSTITUTO DE BIOLOGIA MOLECULAR DO PARANÁ - IBMP,BR",FUNDACAO_OSWALDO_CRUZ,3
74,"FUNDAÇÃO OSWALDO CRUZ,BR | TENDLER Miriam,BR | VILAR Mônica Magno,BR | ARMÔA Geraldo Rodrigues Garcia,BR | MCINTOSH Douglas,BR | SIMPSON Andrew J. G.,BR",FUNDACAO_OSWALDO_CRUZ,1
75,"Fundacao Oswaldo Cruz,BR | 奥斯瓦道·克鲁兹基金会,BR",FUNDACAO_OSWALDO_CRUZ,1
76,"FUNDAÇÃO OSWALDO CRUZ,Rio de Janeiro, RJ,BR",FUNDACAO_OSWALDO_CRUZ,1
77,"FUNDACAO OSWALDO CRUZ,RIO DE JANEIRO,BR",FUNDACAO_OSWALDO_CRUZ,5
78,"FUNDACAO OSWALDO CRUZ,Rio de Janeiro,BR | Gazzinelli Ricardo Tostes,Belo Horizonte,BR | Barbosa Rafael Polidoro Alves,Nova Floresta,BR | Caetano Braulia Costa,Belo Horizonte,BR | Machado Alexandre de Magalhaes Vieira,Belo Horizonte,BR | Bruna-Romero Oscar,Belo Horizonte,BR | Guimaraes Flavio Fonseca,Belo Horizonte,BR | Mendes Erica Araujo,Belo Horizonte,BR",FUNDACAO_OSWALDO_CRUZ,1
79,"FUNDACAO OSWALDO CRUZ.*,BR",FUNDACAO_OSWALDO_CRUZ.*,1
80,"FUNDACÃO OSWALDO CRUZ-FIOCRUZ,BR",FUNDACAO_OSWALDO_CRUZ_FIOCRUZ,1
81,"FUNDAÇÃO PIO XII,BR | FUNDAÇÃO DE AMPARO À PESQUISA DO ESTADO DE SÃO PAULO,BR",FUNDACAO_PIO_XII,1
82,"FUNDAÇÃO UNIVERSIDADE DE BRASILIA,BR",FUNDACAO_UNIVERSIDADE_DE_BRASILIA,1
83,"FUNDAÇÃO UNIVERSIDADE DE BRASÍLIA,BR",FUNDACAO_UNIVERSIDADE_DE_BRASILIA,3
84,"FUNDAÇÃO UNIVERSIDADE ESTADUAL DO CEARÁ - FUNECE,BR | EMPRESA GREENBEAN BIOTECNOLOGIA LTDA,BR",FUNDACAO_UNIVERSIDADE_ESTADUAL_DO_CEARA___FUNECE,1
85,"FUNDAÇÃO UNIVERSIDADE ESTADUAL DO CEARÁ - FUNECE,BR | GREENBEAN BIOTECNOLOGIA LTDA - ME,BR",FUNDACAO_UNIVERSIDADE_ESTADUAL_DO_CEARA___FUNECE,1
86,"FUNDAÇÃO UNIVERSIDADE FEDERAL DE SÃO CARLOS,BR",FUNDACAO_UNIVERSIDADE_FEDERAL_DE_SAO_CARLOS,2
87,"Fundacao Universidade Federal Do ABC - UFABC,09210580 Santo André,BR,101973633 | Technische Universität Braunschweig,38106 Braunschweig,DE,101716291",FUNDACAO_UNIVERSIDADE_FEDERAL_DO_ABC___UFABC,1
88,"FUNDAÇÃO UNIVERSIDADE FEDERAL DO ABC - UFABC,BR",FUNDACAO_UNIVERSIDADE_FEDERAL_DO_ABC___UFABC,1
89,"FUNDAÇÃO UNIVERSIDADE FEDERAL DO ABC - UFABC,BR | TECHNISCHE UNIVERSITÄT BRAUNSCHWEIG,DE",FUNDACAO_UNIVERSIDADE_FEDERAL_DO_ABC___UFABC,1
90,"Fundação Universidade Federal do ABC - UFABC,Santo André,BR | Technische Universität Braunschweig,Braunschweig,DE",FUNDACAO_UNIVERSIDADE_FEDERAL_DO_ABC___UFABC,1
91,"Fundaco Oswaldo Cruz,Rio de Janiero,BR | Senna Jose Procopio Moreno,Rio de Janeiro,BR | Queiroz Joao Luiz Sampaio,Rio de Janeiro,BR | Batoreu Nadia Maria,Rio de Janeiro,BR | Teixeira Maria da Gloria Martins,Rio de Janeiro,BR",FUNDACO_OSWALDO_CRUZ,1
92,"FUNDASAN DI-AMPARO A PESKIZA DU-ESTADU DI-MINAS ZHERAJS-FAPEMIG,BR | UNIVERSIDADI FEDERAL DI-VISOZA,BR | ФУНДАСАН ДИ-АМПАРО А ПЕСКИЗА ДУ-ЭСТАДУ ДИ-МИНАС ЖЕРАЙС-ФАПЕМИГ,BR | УНИВЕРСИДАДИ ФЕДЕРАЛ ДИ-ВИСОЗА,BR",FUNDASAN_DI_AMPARO_A_PESKIZA_DU_ESTADU_DI_MINAS_ZHERAJS_FAPEMIG,1
93,"FUNDASAN OSVAL'DO KRUS,BR | ФУНДАСАН ОСВАЛЬДО КРУС,BR",FUNDASAN_OSVAL'DO_KRUS,1
94,"GENENTECH INC.,US",GENENTECH_INC.,1
95,"GENETICA APLICADA ATIVIDADES VETERINÁRIAS LTDA ME,BR",GENETICA_APLICADA_ATIVIDADES_VETERINARIAS_LTDA_ME,1
96,"GENMAB B.V.,NL",GENMAB_B.V.,1
97,"Guglielmi Luiza Guilherme,Sao Paulo,BR | Kalil Filho Jorge Elias,Sao Paulo,BR",GUGLIELMI_LUIZA_GUILHERME,2
98,"HEIDELBERG PHARMA RESEARCH GMBH,DE",HEIDELBERG_PHARMA_RESEARCH_GMBH,1
99,"HENRY OKIGAMI,BR | PAULO TAKAO OKIGAMI,BR",HENRY_OKIGAMI,1
100,"INSTITUTO BUTANTAN,05503900 São Paulo - SP,BR,101944269",INSTITUTO_BUTANTAN,1
101,"INSTITUTO BUTANTAN,BR",INSTITUTO_BUTANTAN,4
102,"INSTITUTO DE TECNOLOGIA E PESQUISA,BR | SOCIEDADE DE EDUCAÇÃO TIRADENTES LTDA,BR",INSTITUTO_DE_TECNOLOGIA_E_PESQUISA,1
103,"INSTITUTO DE TECNOLOGIA E PESQUISA,BR | UNIVERSIDADE TIRADENTES,BR",INSTITUTO_DE_TECNOLOGIA_E_PESQUISA,1
104,"ISA DIETRICH,BR",ISA_DIETRICH,1
105,"JOMAR PEREIRA LAURINO,BR",JOMAR_PEREIRA_LAURINO,2
106,"JOSÉ LUIZ DE LIMA FILHO,BR",JOSE_LUIZ_DE_LIMA_FILHO,1
107,"LABORATORIOS BRUCH LTDA,BR",LABORATORIOS_BRUCH_LTDA,1
108,"Lisauskas Ferraz De Campos Sharon,BR",LISAUSKAS_FERRAZ_DE_CAMPOS_SHARON,1
109,"Medimmune Ltd,GB",MEDIMMUNE_LTD,1
110,"MISSÃO SALESIANA DE MATO GROSSO,BR | FUNDAÇÃO UNIVERSIDADE DE BRASILIA,BR | UNIÃO BRASILEIRA DE EDUCAÇÃO CATÓLICA - UBEC,BR",MISSAO_SALESIANA_DE_MATO_GROSSO,1
111,"OMNIOX INC.,US",OMNIOX_INC.,1
112,"PHILOGEN S.P.A.,IT",PHILOGEN_S.P.A.,1
113,"PROTALIX LTD.,IL",PROTALIX_LTD.,2
114,PROTEIMAX BIOTECNOLOGIA LTDA,PROTEIMAX_BIOTECNOLOGIA_LTDA,1
115,"Proteimax Biotecnologia Ltda,05581001 São Paulo,BR,101435195",PROTEIMAX_BIOTECNOLOGIA_LTDA,2
116,"PROTEIMAX BIOTECNOLOGIA LTDA,BR",PROTEIMAX_BIOTECNOLOGIA_LTDA,2
117,"PROTEIMAX BIOTECNOLOGIA LTDA,BR | STERMAN HEIMANN Andrea,BR",PROTEIMAX_BIOTECNOLOGIA_LTDA,1
118,"Proteimax Biotecnologia Ltda,BR | 普罗泰麦克斯生物技术有限责任公司",PROTEIMAX_BIOTECNOLOGIA_LTDA,1
119,"Proteimax Biotecnologia Ltda,BR | 普罗泰麦克斯生物技术有限责任公司,BR",PROTEIMAX_BIOTECNOLOGIA_LTDA,1
120,"Proteimax Biotecnologia Ltda,Butanta,BR | Proteimax Biotecnologia Ltda,Sao Paulo,BR",PROTEIMAX_BIOTECNOLOGIA_LTDA,1
121,"Proteimax Biotecnologia Ltda,Sao Paulo,BR | Proteimax Biotecnologia Ltda,Sao Paulo SP,BR",PROTEIMAX_BIOTECNOLOGIA_LTDA,1
122,"Salvador Bagnato Vanderlei,BR",SALVADOR_BAGNATO_VANDERLEI,1
123,"SHANGHAI FUDAN-ZHANGJIANG BIO-PHARMACEUTICAL CO. LTD.,CN",SHANGHAI_FUDAN_ZHANGJIANG_BIO_PHARMACEUTICAL_CO._LTD.,1
124,"SOCIEDADE DE EDUCAÇÃO TIRADENTES LTDA,BR",SOCIEDADE_DE_EDUCACAO_TIRADENTES_LTDA,1
125,"Suppremol Gmbh,DE",SUPPREMOL_GMBH,1
126,"TELECOMUNICACOES BRASILEIRAS S/A - TELEBRAS,BR",TELECOMUNICACOES_BRASILEIRAS_S/A___TELEBRAS,1
127,"THOMAS JEFFERSON UNIVERSITY,US",THOMAS_JEFFERSON_UNIVERSITY,1
128,"TOPACK DO BRASIL LTDA,BR",TOPACK_DO_BRASIL_LTDA,1
129,"TRUSTEES OF DARTMOUTH COLLEGE,US",TRUSTEES_OF_DARTMOUTH_COLLEGE,1
130,"UNIAO QUIMICA FARM NACIONAL SA,JP | FAPESP FUNDACAO AMPARO A PESQUISA ESTADO,JP | CHUDZINSKI-TAVASSI A M,JP",UNIAO_QUIMICA_FARM_NACIONAL_SA,1
131,"Uniao Quimica Farmaceutica Nac,BR | Fundacao De Amparo A Pesquisa | CHUDZINSKI-TAVASSI ANA MARISA | 国家联合化学制药公司,BR | 圣保罗州支援研究基金会 | 安娜·玛丽莎·朱德津斯基-塔瓦西",UNIAO_QUIMICA_FARMACEUTICA_NAC,2
132,"União Química Farmacêutica Nacional S/A,04071-900 São Paulo,BR,100776926 | Fundação de Amparo à Pesquisa do Estado de São Paulo,05468-901 Sao Paulo,BR,100126779 | Chudzinski-Tavassi Ana Marisa,05503-900 Sao Paulo SP,BR,100776927",UNIAO_QUIMICA_FARMACEUTICA_NACIONAL_S/A,1
133,"UNIAO QUIMICA FARMACEUTICA NACIONAL S/A,BR | FUNDACAO DE AMPARO A PESQUISA DO ESTADO DE SAO PAULO - FAPESP,BR | ANA MARISA CHUDZINSKI TAVASSI,BR",UNIAO_QUIMICA_FARMACEUTICA_NACIONAL_S/A,1
134,"UNIÃO QUÍMICA FARMACÊUTICA NACIONAL S/A,BR | FUNDAÇÃO DE AMPARO À PESQUISA DO ESTADO DE SÃO PAULO FAPESP,BR",UNIAO_QUIMICA_FARMACEUTICA_NACIONAL_S/A,1
135,"União Química Farmacêutica Nacional S/A,CEP 04311-900 São Paulo,BR,101370414 | Fundação de Amparo à Pesquisa do Estado de São Paulo,05468-901 Sao Paulo,BR,100126779 | Chudzinski-Tavassi Ana Marisa,05503-900 São Paulo,BR,101385956",UNIAO_QUIMICA_FARMACEUTICA_NACIONAL_S/A,1
136,"UNIAO QUIMICA FARMACEUTICA NACIONAL S/A,SAO PAULO,BR | FUNDACAO DE AMPARO A PESQUISA DO ESTADO DE SAO PAULO - FAPESP,SAO PAULO,BR | CHUDZINSKI-TAVASSI ANA MARISA,SAO PAULO,BR",UNIAO_QUIMICA_FARMACEUTICA_NACIONAL_S/A,3
137,"UNIV ESTADUAL CAMPINAS UNICAMP,BR",UNIV_ESTADUAL_CAMPINAS_UNICAMP,1
138,UNIV FED DE MINAS GERAIS BELO,UNIV_FED_DE_MINAS_GERAIS_BELO,1
139,UNIV FED DO RIO GRANDE DO SUL | ALBERTO JOSE NIETO CADENAZZI | VERONICA FERNANDEZ MANCEBO | CECILIA FERNANDEZ GRANJA | GUALBERTO GERARDO GONZALEZ SAP,UNIV_FED_DO_RIO_GRANDE_DO_SUL_|_ALBERTO_JOSE_NIETO_CADENAZZI_|_VERONICA_FERNANDEZ_MANCEBO_|_CECILIA_FERNANDEZ_GRANJA_|_GUALBERTO_GERARDO_GONZALEZ_SAP,1
140,UNIV FEDERAL DE MINAS GERAIS,UNIV_FEDERAL_DE_MINAS_GERAIS,1
141,"UNIV FEDERAL DE SAO PAULO UNIFESP,BR | UNIV FEDERAL PARANA,BR | UNIV ESTADUAL DE PONTA GROSSA UEPG,BR",UNIV_FEDERAL_DE_SAO_PAULO_UNIFESP,1
142,"UNIV FEDERAL DE UBERLANDIA,BR | CIRINO ALBERTO GOULART EIRELI EPP BIOGENETICS,BR",UNIV_FEDERAL_DE_UBERLANDIA,1
143,"UNIV FEDERAL OURO PRETO,BR | FUND AMPARO PESQUISA ESTADO MINAS GERAIS FAPEMIG,BR",UNIV_FEDERAL_OURO_PRETO,1
144,"UNIV FEDERAL VICOSA,BR | UNIV FEDERAL DE JUIZ DE FORA,BR",UNIV_FEDERAL_VICOSA,1
145,UNIV MINAS GERAIS,UNIV_MINAS_GERAIS,2
146,"UNIV MINAS GERAIS,BR",UNIV_MINAS_GERAIS,2
147,"Univ Minas Gerais,BR | 米纳斯吉拉斯联合大学",UNIV_MINAS_GERAIS,1
148,"Univ Minas Gerais,BR | 米纳斯吉拉斯联合大学,BR",UNIV_MINAS_GERAIS,2
149,"UNIV SAO PAULO,BR",UNIV_SAO_PAULO,2
150,"UNIVERSIDADE DE SAO PAULO - USP,BR",UNIVERSIDADE_DE_SAO_PAULO___USP,2
151,"Universidade De São Paulo - Usp,BR",UNIVERSIDADE_DE_SAO_PAULO___USP,9
152,"UNIVERSIDADE DE SAO PAULO - USP,BR | FUNDACAO DE AMPARO A PESQUISA DO ESTADO DE SAO PAULO - FAPESP,BR",UNIVERSIDADE_DE_SAO_PAULO___USP,1
153,"UNIVERSIDADE DE SÃO PAULO - USP,BR | FUNDAÇÃO DE AMPARO À PESQUISA DO ESTADO DE SÃO PAULO - FAPESP,BR",UNIVERSIDADE_DE_SAO_PAULO___USP,1
154,"UNIVERSIDADE DE SÃO PAULO - USP,BR | UNIVERSIDADE FEDERAL DE SÃO PAULO - UNIFESP,BR | FUNDAÇÃO DE AMPARO À PESQUISA DO ESTADO DE SÃO PAULO - FAPESP,BR",UNIVERSIDADE_DE_SAO_PAULO___USP,1
155,"UNIVERSIDADE DE SAO PAULO,Ribeirao Preto,BR | INVENT BIOTECHNOLOGIA LTDA,Ribeirao Preto,BR | Barreira Maria Cristina Roque Antunes,Ribeirao Preto,BR | Soares Sandro Gomes,Ribeirao Preto,BR | Hanna Ebert Seixas,Ribeirao Preto,BR | Paiva Helder Henrique,Ribeirao Preto,BR | Ruas Luciana Pereira,Ribeirao Preto,BR | Pereira Aline Ferreira De Oliveira,Ribeirao Preto,BR | Ferraz Luciana Colbachini,Santa Rita Do Sapucai,BR | Porto Ana Carolina Rusca Corrêa,Sao Paulo,BR | Cardoso Silvia Almelda,Vicosa,BR | Ferraz Luiz Eduardo Dos Santos,Ribeirao Preto,BR",UNIVERSIDADE_DE_SAO_PAULO,1
156,Universidade de Sao Paulo-USP (BR/SP) | Invent Biotecnologia Ltda (BR/SP),UNIVERSIDADE_DE_SAO_PAULO_USP_BR/SP_|_INVENT_BIOTECNOLOGIA_LTDA_BR/SP,1
157,"UNIVERSIDADE DE SÃO PAULO-USP,BR",UNIVERSIDADE_DE_SAO_PAULO_USP,1
158,"UNIVERSIDADE ESTADUAL DE CAMPINAS - UNICAMP,BR",UNIVERSIDADE_ESTADUAL_DE_CAMPINAS___UNICAMP,2
159,"UNIVERSIDADE ESTADUAL DE CAMPINAS - UNICAMP,BR | DE SOUZA Anete Pereira,BR | MARSAIOLI Anita Jocelyne,BR | BELOTI Lilian Luzia,BR | DA COSTA Bruna Zucoloto,BR | ZAMPIERI Dávila de Souza,BR",UNIVERSIDADE_ESTADUAL_DE_CAMPINAS___UNICAMP,1
160,"UNIVERSIDADE ESTADUAL DE CAMPINAS,BR | UNIVERSIDADE FEDERAL DE SANTA CATARINA,BR",UNIVERSIDADE_ESTADUAL_DE_CAMPINAS,1
161,"UNIVERSIDADE ESTADUAL DE SÃO PAULO USP,BR | UNIVERSIDADE FEDERAL DE SÃO JOÃO DEL-REI,BR | FUNDAÇÃO DE AMPARO A PESQUISA DO ESTADO DE SÃO PAULO - FAPESP,BR",UNIVERSIDADE_ESTADUAL_DE_SAO_PAULO_USP,1
162,"UNIVERSIDADE ESTADUAL PAULISTA ""JÚLIO DE MESQUITA FILHO"" - UNESP,BR | FUNDAÇÃO UNIVERSIDADE FEDERAL DE SÃO CARLOS - UFSCAR,BR","UNIVERSIDADE_ESTADUAL_PAULISTA_""JULIO_DE_MESQUITA_FILHO""___UNESP",1
163,"Universidade Estadual Paulista Julio de Mesquita Filho,BR",UNIVERSIDADE_ESTADUAL_PAULISTA_JULIO_DE_MESQUITA_FILHO,3
164,"UNIVERSIDADE FEDERAL DA BAHIA,BR",UNIVERSIDADE_FEDERAL_DA_BAHIA,7
165,"UNIVERSIDADE FEDERAL DE INAS GERAIS - UFMG,BR",UNIVERSIDADE_FEDERAL_DE_INAS_GERAIS___UFMG,1
166,"UNIVERSIDADE FEDERAL DE ITAJUBÁ,BR",UNIVERSIDADE_FEDERAL_DE_ITAJUBA,1
167,"UNIVERSIDADE FEDERAL DE ITAJUBÁ,BR | UNIVERSIDADE FEDERAL DE MINAS GERAIS - UFMG,BR",UNIVERSIDADE_FEDERAL_DE_ITAJUBA,1
168,"UNIVERSIDADE FEDERAL DE JUIZ DE FORA - UFJF,BR",UNIVERSIDADE_FEDERAL_DE_JUIZ_DE_FORA___UFJF,1
169,"UNIVERSIDADE FEDERAL DE JUIZ DE FORA,BR",UNIVERSIDADE_FEDERAL_DE_JUIZ_DE_FORA,1
170,UNIVERSIDADE FEDERAL DE MINAS GERAIS,UNIVERSIDADE_FEDERAL_DE_MINAS_GERAIS,5
171,"UNIVERSIDADE FEDERAL DE MINAS GERAIS - UFMG,BR",UNIVERSIDADE_FEDERAL_DE_MINAS_GERAIS___UFMG,11
172,"UNIVERSIDADE FEDERAL DE MINAS GERAIS - UFMG,BR | FUNDAÇÃO DE AMPARO À PESQUISA DO ESTADO DE MINAS GERAIS- FAPEMIG,BR",UNIVERSIDADE_FEDERAL_DE_MINAS_GERAIS___UFMG,1
173,"UNIVERSIDADE FEDERAL DE MINAS GERAIS - UFMG,BR | UNIVERSIDADE FEDERAL DE UBERLÂNDIA - UFU,BR",UNIVERSIDADE_FEDERAL_DE_MINAS_GERAIS___UFMG,1
174,Universidade Federal De Minas Gerais Belo Horizonte BR,UNIVERSIDADE_FEDERAL_DE_MINAS_GERAIS_BELO_HORIZONTE_BR,1
175,"Universidade Federal de Minas Gerais,31270-901 Belo Horizonte,BR,100811923",UNIVERSIDADE_FEDERAL_DE_MINAS_GERAIS,1
176,"Universidade Federal de Minas Gerais,Belo Horizonte MG,BR",UNIVERSIDADE_FEDERAL_DE_MINAS_GERAIS,1
177,"Universidade Federal de Minas Gerais,Belo Horizonte,BR",UNIVERSIDADE_FEDERAL_DE_MINAS_GERAIS,3
178,"UNIVERSIDADE FEDERAL DE MINAS GERAIS,BR",UNIVERSIDADE_FEDERAL_DE_MINAS_GERAIS,41
179,"UNIVERSIDADE FEDERAL DE MINAS GERAIS,BR | FUNDAÇÃO BUTANTAN,BR",UNIVERSIDADE_FEDERAL_DE_MINAS_GERAIS,1
180,"UNIVERSIDADE FEDERAL DE MINAS GERAIS,BR | FUNDAÇÃO CENTRO DE HEMATOLOGIA E HEMOTERAPIA DO ESTADO DE MINAS GERAIS - HEMOMINAS,BR | FUNDAÇÃO DE AMPARO À PESQUISA DO ESTADO DE MINAS GERAIS - FAPEMIG,BR",UNIVERSIDADE_FEDERAL_DE_MINAS_GERAIS,1
181,"UNIVERSIDADE FEDERAL DE MINAS GERAIS,BR | FUNDAÇÃO DE AMPARO Á PESQUISA DO ESTADO DE MINAS GERAIS - FAPEMIG,BR",UNIVERSIDADE_FEDERAL_DE_MINAS_GERAIS,1
182,"UNIVERSIDADE FEDERAL DE MINAS GERAIS,BR | FUNDAÇÃO DE AMPARO À PESQUISA DO ESTADO DE MINAS GERAIS - FAPEMIG,BR",UNIVERSIDADE_FEDERAL_DE_MINAS_GERAIS,2
183,"UNIVERSIDADE FEDERAL DE MINAS GERAIS,BR | FUNDAÇÃO DE AMPARO À PESQUISA DO ESTADO DE MINAS GERAIS - FAPEMIG,BR | CENTRE NATIONAL DE LA RECHERCHE SCIENTIFIQUE - CNRS,FR",UNIVERSIDADE_FEDERAL_DE_MINAS_GERAIS,1
184,"UNIVERSIDADE FEDERAL DE MINAS GERAIS,BR | FUNDAÇÃO DE AMPARO À PESQUISA DO ESTADO DE MINAS GERAIS,BR",UNIVERSIDADE_FEDERAL_DE_MINAS_GERAIS,1
185,"UNIVERSIDADE FEDERAL DE MINAS GERAIS,BR | FUNDAÇÃO DE ENSINO E TECNOLOGIA DE ALFENAS,BR",UNIVERSIDADE_FEDERAL_DE_MINAS_GERAIS,4
186,"UNIVERSIDADE FEDERAL DE MINAS GERAIS,BR | FUNDAÇÃO EDUCACIONAL DE CRICIÚMA - FUCRI,BR",UNIVERSIDADE_FEDERAL_DE_MINAS_GERAIS,2
187,"UNIVERSIDADE FEDERAL DE MINAS GERAIS,BR | FUNDAÇÃO EZEQUIEL DIAS,BR | UNIVERSIDADE DE SÃO PAULO - USP,BR",UNIVERSIDADE_FEDERAL_DE_MINAS_GERAIS,1
188,"UNIVERSIDADE FEDERAL DE MINAS GERAIS,BR | SOUZA DOS SANTOS Robson Augusto,BR | VELOSO BRANT PINHEIRO Sérgio,BR | DE FARIA E SILVA Raphael,BR | SILVA LULA Ivana,BR | BARROS DE SOUSA Frederico,BR | FRÉZARD Frédéric Jean Georges,BR | DOS REIS Adelina Martha,BR | DE FRANCA Luiz Renato,BR | FERREIRA Anderson José,BR | SINISTERRA Rubén Dario,BR | CAMPAGNOLE-SANTOS Maria José,BR | DE OLIVEIRA SAMPAIO Walkyria Neyde,BR | DE CASTRO LEAL Marcelo,BR | KAPPES BECKER Lenice,BR",UNIVERSIDADE_FEDERAL_DE_MINAS_GERAIS,1
189,"UNIVERSIDADE FEDERAL DE MINAS GERAIS,BR | UNIVERSIDADE FEDERAL DE LAVRAS - UFLA,BR | UNIVERSIDADE FEDERAL DA INTEGRAÇÃO LATINO-AMERICANA - UNILA,BR | UNIVERSIDADE FEDERAL DE SÃO JOÃO DEL REI - UFSJ,BR | FUNDAÇÃO DE ENSINO E TECNOLOGIA DE ALFENAS,BR",UNIVERSIDADE_FEDERAL_DE_MINAS_GERAIS,2
190,"UNIVERSIDADE FEDERAL DE MINAS GERAIS,BR | Universidade Federal de Santa Catarina,BR | FUNDAÇÃO EZEQUIEL DIAS,BR | SANTA CASA DE MISERICÓRDIA DE BELO HORIZONTE,BR | FUNDAÇÃO DE AMPARO À PESQUISA DO ESTADO DE MINAS GERAIS ? FAPEMIG,BR | ASSOCIAÇÃO EDUCACIONAL LUTERANA DO BRASIL - AELBRA,BR",UNIVERSIDADE_FEDERAL_DE_MINAS_GERAIS,1
191,"UNIVERSIDADE FEDERAL DE MINAS GERAIS,BR | UNIVERSIDADE FEDERAL DE UBERLÂNDIA,BR",UNIVERSIDADE_FEDERAL_DE_MINAS_GERAIS,1
192,"UNIVERSIDADE FEDERAL DE MINAS GERAIS,BR | UNIVERSIDADE FEDERAL DO PARANÁ,BR | CENTRO DE PRODUÇÃO E PESQUISA DE IMUNOBIOLÓGICOS - CPPI,BR",UNIVERSIDADE_FEDERAL_DE_MINAS_GERAIS,1
193,"Universidade Federal De Minas Gerais,CEP 31270 901 Belo Horizonte, MG,BR,02578780",UNIVERSIDADE_FEDERAL_DE_MINAS_GERAIS,4
194,"Universidade Federal De Minas Gerais,CEP-31270-901 Belo Horizonte, MG,BR,100244982",UNIVERSIDADE_FEDERAL_DE_MINAS_GERAIS,1
195,"Universidade Federal de Minas Gerais,Minas Gerais,BR",UNIVERSIDADE_FEDERAL_DE_MINAS_GERAIS,1
196,"UNIVERSIDADE FEDERAL DE MINAS GERAIS.,BR",UNIVERSIDADE_FEDERAL_DE_MINAS_GERAIS.,3
197,"UNIVERSIDADE FEDERAL DE MINAS GERAIS-UFMG,BR",UNIVERSIDADE_FEDERAL_DE_MINAS_GERAIS_UFMG,2
198,"UNIVERSIDADE FEDERAL DE MINAS GERAIS-UFMG,BR | TOSTES GAZZINELLI Ricardo,BR | ROMERO Oscar Bruna,BR | GUIMARÃES DA FONSECA Flávio,BR | DUTRA Míriam Santos,BR",UNIVERSIDADE_FEDERAL_DE_MINAS_GERAIS_UFMG,1
199,"UNIVERSIDADE FEDERAL DE OURO PRETO,BR",UNIVERSIDADE_FEDERAL_DE_OURO_PRETO,1
200,"UNIVERSIDADE FEDERAL DE OURO PRETO,BR | FUNDAÇÃO DE AMPARO A PESQUISA DO ESTADO DE MINAS GERAIS (FAPEMIG),BR",UNIVERSIDADE_FEDERAL_DE_OURO_PRETO,1
201,"UNIVERSIDADE FEDERAL DE OURO PRETO,BR | UNIVERSIDADE FEDERAL DE MINAS GERAIS,BR",UNIVERSIDADE_FEDERAL_DE_OURO_PRETO,1
202,"Universidade Federal de Ouro Preto,BR | UNIVERSIDADE FEDERAL DE VIÇOSA,BR | FUNDAÇÃO DE AMPARO À PESQUISA DO ESTADO DE MINAS GERAIS - FAPEMIG,BR",UNIVERSIDADE_FEDERAL_DE_OURO_PRETO,1
203,"UNIVERSIDADE FEDERAL DE PELOTAS,BR",UNIVERSIDADE_FEDERAL_DE_PELOTAS,25
204,"UNIVERSIDADE FEDERAL DE SANTA CATARINA,BR | UNIVERSIDADE FEDERAL DO CEARÁ,BR | FUNDAÇÃO OSWALDO CRUZ,BR | UNIVERSIDADE FEDERAL DE MINAS GERAIS,BR | UNIVERSIDADE FEDERAL DE JUIZ DE FORA,BR",UNIVERSIDADE_FEDERAL_DE_SANTA_CATARINA,1
205,"UNIVERSIDADE FEDERAL DE SÃO DEL-REI,BR",UNIVERSIDADE_FEDERAL_DE_SAO_DEL_REI,1
206,"UNIVERSIDADE FEDERAL DE SÃO JOÃO DEL REI,BR",UNIVERSIDADE_FEDERAL_DE_SAO_JOAO_DEL_REI,5
207,"UNIVERSIDADE FEDERAL DE SÃO JOÃO DEL REI,BR | UNIVERSIDADE FEDERAL DE MINAS GERAIS,BR | UNIVERSIDADE FEDERAL DE ALFENAS,BR",UNIVERSIDADE_FEDERAL_DE_SAO_JOAO_DEL_REI,1
208,"UNIVERSIDADE FEDERAL DE SÃO JOÃO DEL REI,BR | UNIVERSIDADE FEDERAL DE OURO PRETO,BR",UNIVERSIDADE_FEDERAL_DE_SAO_JOAO_DEL_REI,1
209,"UNIVERSIDADE FEDERAL DE SÃO JOÃO DEL-REI,BR",UNIVERSIDADE_FEDERAL_DE_SAO_JOAO_DEL_REI,1
210,"UNIVERSIDADE FEDERAL DE SÃO PAULO - UNIFESP,BR",UNIVERSIDADE_FEDERAL_DE_SAO_PAULO___UNIFESP,2
211,"UNIVERSIDADE FEDERAL DE SAO PAULO,BR | ASSOCIACAO DE ENSINO SUPERIOR E TECNOLOGICO DO PIAUI S/C LTDA,BR",UNIVERSIDADE_FEDERAL_DE_SAO_PAULO,1
212,"Universidade Federal De Uberlândia - Ufu,BR",UNIVERSIDADE_FEDERAL_DE_UBERLANDIA___UFU,3
213,"Universidade Federal de Uberlândia - UFU,BR | Imunoscan Engenharia Molecular Ltda,BR",UNIVERSIDADE_FEDERAL_DE_UBERLANDIA___UFU,1
214,"Universidade Federal de Uberlândia,38400-902 Uberlândia - MG,BR,101936146 | Fundação de Amparo à Pesquisa do Estado de Minas Gerais - Fapemig,31035-536 Belo Horizonte - MG,BR,101620408",UNIVERSIDADE_FEDERAL_DE_UBERLANDIA,1
215,"UNIVERSIDADE FEDERAL DE UBERLANDIA,BR",UNIVERSIDADE_FEDERAL_DE_UBERLANDIA,1
216,"Universidade Federal De Uberlândia,BR",UNIVERSIDADE_FEDERAL_DE_UBERLANDIA,10
217,"UNIVERSIDADE FEDERAL DE UBERLANDIA,BR | CIRINO ALBERTO GOULART EIRELI EPP (BIOGENETICS),BR",UNIVERSIDADE_FEDERAL_DE_UBERLANDIA,1
218,"UNIVERSIDADE FEDERAL DE UBERLÂNDIA,BR | CIRINO ALBERTO GOULART EIRELI EPP (BIOGENETICS),BR",UNIVERSIDADE_FEDERAL_DE_UBERLANDIA,1
219,"UNIVERSIDADE FEDERAL DE UBERLÂNDIA,BR | FAPEMIG-FUNDAÇÃO DE AMPARO A PESQUISA DO ESTADO DE MINAS GERAIS,BR",UNIVERSIDADE_FEDERAL_DE_UBERLANDIA,1
220,"UNIVERSIDADE FEDERAL DE UBERLANDIA,BR | FUNDACAO DE AMPARO A PESQUISA DO ESTADO DE MINAS GERAIS - FAPEMIG,BR",UNIVERSIDADE_FEDERAL_DE_UBERLANDIA,1
221,"UNIVERSIDADE FEDERAL DE UBERLÂNDIA,BR | FUNDAÇÃO DE AMPARO A PESQUISA DO ESTADO DE MINAS GERAIS - FAPEMIG,BR",UNIVERSIDADE_FEDERAL_DE_UBERLANDIA,2
222,"UNIVERSIDADE FEDERAL DE UBERLÂNDIA,BR | FUNDAÇÃO DE AMPARO À PESQUISA DO ESTADO DE MINAS GERAIS - FAPEMIG,BR",UNIVERSIDADE_FEDERAL_DE_UBERLANDIA,1
223,"Universidade Federal de Uberlândia,BR | Fundação de Amparo À Pesquisa do Estado de Minas Gerais,BR | Imunoscan Engenharia Molecular Ltda-ME,BR",UNIVERSIDADE_FEDERAL_DE_UBERLANDIA,1
224,"Universidade Federal de Uberlândia,BR | Fundação de Amparo à Pesquisa do Estado de Minas Gerais,BR | Universidade Federal de Ouro Preto,BR",UNIVERSIDADE_FEDERAL_DE_UBERLANDIA,1
225,"Universidade Federal de Uberlandia,BR | Fundachaodeamparoapesquisaduestadodminasgerais-Papemig,BR | 우니베르시다데 페데랄 데 우베르란디아,BR | 펀다차오 데 암파로 에이 페스끼사 두 에스타도 드 미나스 게라이스 - 파페미그,BR",UNIVERSIDADE_FEDERAL_DE_UBERLANDIA,1
226,"UNIVERSIDADE FEDERAL DE UBERLÂNDIA,BR | IMUNOSCAN ENGENHARIA MOLECULAR LTDA,BR",UNIVERSIDADE_FEDERAL_DE_UBERLANDIA,2
227,"Universidade Federal de Uberlândia,BR | Imunoscan Engenharia Molecular Ltda-Me,BR | FUNDAÇÃO DE AMPARO À PESQUISA DO ESTADO DE MINAS GERAIS,BR",UNIVERSIDADE_FEDERAL_DE_UBERLANDIA,1
228,"UNIVERSIDADE FEDERAL DE UBERLÂNDIA,BR | UNIVERSIDADE FEDERAL DE MINAS GERAIS,BR",UNIVERSIDADE_FEDERAL_DE_UBERLANDIA,1
229,"Universidade Federal de Uberlândia,Uberlândia,BR | Cirino Alberto Goulart EIRELI EPP (Biogenetics),Uberlândia,BR",UNIVERSIDADE_FEDERAL_DE_UBERLANDIA,1
230,"Universidade Federal de Uberlândia,Uberlândia,BR | Fundação de Amparo a Pesquisa do Estado de Minas Gerais - FAPEMIG,Belo Horizonte,BR",UNIVERSIDADE_FEDERAL_DE_UBERLANDIA,1
231,"Universidade Federal De Viçosa,BR",UNIVERSIDADE_FEDERAL_DE_VICOSA,2
232,"UNIVERSIDADE FEDERAL DE VIÇOSA,BR | FUNDAÇÃO DE AMPARO À PESQUISA DO ESTADO DE MINAS GERAIS,BR",UNIVERSIDADE_FEDERAL_DE_VICOSA,1
233,"UNIVERSIDADE FEDERAL DE VIÇOSA,BR | FUNDAÇÃO DE AMPARO À PESQUISA DO ESTADO DO MINAS GERAIS - FAPEMIG,BR",UNIVERSIDADE_FEDERAL_DE_VICOSA,1
234,"UNIVERSIDADE FEDERAL DE VIÇOSA,BR | UNIVERSIDADE FEDERAL DE JUIZ DE FORA,BR",UNIVERSIDADE_FEDERAL_DE_VICOSA,1
235,"UNIVERSIDADE FEDERAL DE VIÇOSA,BR | UNIVERSIDADE FEDERAL DE MINAS GERAIS,BR | SOCIEDADE EDUCACIONAL UBERABENSE,BR",UNIVERSIDADE_FEDERAL_DE_VICOSA,1
236,"UNIVERSIDADE FEDERAL DE VIÇOSA,BR | UNIVERSIDADE FEDERAL DE OURO PRETO,BR | FUNDAÇÃO DE AMPARO À PESQUISA DO ESTADO DE MINAS GERAIS,BR | FIETTO Juliana Lopes Rangel,BR | LAMÊGO Márcia Rogèria de Almeida,BR | SOUZA Ronny Francisco de,BR | ZÓBOLI Antonio Phelipe Carlette,BR | BAHIA Maria Terezinha,BR | AFONSO Luís Carlos Crocco,BR",UNIVERSIDADE_FEDERAL_DE_VICOSA,2
237,"UNIVERSIDADE FEDERAL DE VIÇOSA,Vicosa,BR | FUNDAÇÃO DE AMPARO À PESQUISA DO ESTADO DE MINAS GERAIS - FAPEMIG,Belo Horizonte,BR",UNIVERSIDADE_FEDERAL_DE_VICOSA,1
238,"UNIVERSIDADE FEDERAL DO CEARÁ,BR",UNIVERSIDADE_FEDERAL_DO_CEARA,1
239,"UNIVERSIDADE FEDERAL DO ESPÍRITO SANTO - UFES,BR",UNIVERSIDADE_FEDERAL_DO_ESPIRITO_SANTO___UFES,1
240,"UNIVERSIDADE FEDERAL DO PARANA,BR",UNIVERSIDADE_FEDERAL_DO_PARANA,2
241,"UNIVERSIDADE FEDERAL DO PARANÁ,BR",UNIVERSIDADE_FEDERAL_DO_PARANA,8
242,"UNIVERSIDADE FEDERAL DO PARANA,BR | IMUNOVA ANÁLISES BIOLÓGICAS LTDA,BR",UNIVERSIDADE_FEDERAL_DO_PARANA,2
243,"UNIVERSIDADE FEDERAL DO RIO DE JANEIRO - UFRJ,BR | UNIVERSIDADE FEDERAL DE SERGIPE,BR | LA JOLLA INSTITUTE FOR IMMUNOLOGY,US",UNIVERSIDADE_FEDERAL_DO_RIO_DE_JANEIRO___UFRJ,1
244,"UNIVERSIDADE FEDERAL DO RIO DE JANEIRO UFRJ,BR",UNIVERSIDADE_FEDERAL_DO_RIO_DE_JANEIRO_UFRJ,4
245,"UNIVERSIDADE FEDERAL DO RIO DE JANEIRO,BR",UNIVERSIDADE_FEDERAL_DO_RIO_DE_JANEIRO,4
246,"UNIVERSIDADE FEDERAL DO RIO DE JANEIRO,BR | GUTFILEN Bianca,BR | BARBOSA DA FONSECA Lea Mirian,BR | LOPES DE SOUZA Sergio Augusto,BR | PROENÇA LOBO LOPES Flávia Paiva,BR",UNIVERSIDADE_FEDERAL_DO_RIO_DE_JANEIRO,1
247,"UNIVERSIDADE FEDERAL DO RIO DE JANEIRO,BR | LINDEN Rafael,BR | SILVA Hilda Petrs,BR | CHIARINI Luciana Barreto,BR",UNIVERSIDADE_FEDERAL_DO_RIO_DE_JANEIRO,1
248,"Universidade Federal Do Rio De Janeiro,Rio de Janeiro,BR",UNIVERSIDADE_FEDERAL_DO_RIO_DE_JANEIRO,2
249,"UNIVERSIDADE FEDERAL DO RIO GRANDE DO NORTE,BR",UNIVERSIDADE_FEDERAL_DO_RIO_GRANDE_DO_NORTE,1
250,"Universidade Federal Do Rio Grande Do Sul,90040060 Porto Alegre-RS,BR,101803979",UNIVERSIDADE_FEDERAL_DO_RIO_GRANDE_DO_SUL,1
251,"UNIVERSIDADE FEDERAL DO RIO GRANDE DO SUL,BR",UNIVERSIDADE_FEDERAL_DO_RIO_GRANDE_DO_SUL,4
252,"UNIVERSIDADE FEDERAL DO RIO GRANDE DO SUL,BR | HOSPITAL DE CLÍNICAS DE PORTO ALEGRE,BR",UNIVERSIDADE_FEDERAL_DO_RIO_GRANDE_DO_SUL,1
253,"UNIVERSIDADE FEDERAL DO RIO GRANDE DO SUL,BR | THE UNITED STATES OF AMERICA as represented by THE SECRETARY OF AGRICULTURE,US | WASHINGTON STATE UNIVERSITY,US",UNIVERSIDADE_FEDERAL_DO_RIO_GRANDE_DO_SUL,1
254,"Universidade Federal do Rio Grande do Sul,Porto Alegre,BR",UNIVERSIDADE_FEDERAL_DO_RIO_GRANDE_DO_SUL,1
255,"UNIVERSIDADE TIRADENTES - UNIT,BR | INSTITUTO DE TECNOLOGIA E PESQUISA,BR",UNIVERSIDADE_TIRADENTES___UNIT,1
256,VAZIO,VAZIO,12
257,"VIDAL RAMON OLIVEIRA,BAHLA,BR | SANTOS MARCOS TADEU DOS,SAO PAULO,BR | FLEURY S/A,SAO PAULO,BR | HOSPITAL DO CANCER DE BARRETOS - FUNDACAO PIO XII,SAO PAULO,BR | UNIVERSIDADE FEDERAL DO MARANHAO,SAO LUIS,BR",VIDAL_RAMON_OLIVEIRA,1
258,"WAMA PRODUTOS PARA LABORATÓRIO LTDA,BR",WAMA_PRODUTOS_PARA_LABORATORIO_LTDA,1
